train_loss,epoch,step
0.07296697795391083,0,49
0.039913441985845566,0,99
