train_loss,epoch,step
0.07108372449874878,0,49
0.04017063230276108,0,99
